TransactionID,TransactionAmount,TransactionHour,CustomerAge,AccountAgeDays,NumPrevTransactions,DistanceFromHomeKM,IsFraud
1,80.39,10,66,1410,36,8.63,0
2,66.2,15,64,1974,33,4.59,0
3,67.2,10,44,692,36,1.6,0
4,131.3,10,40,2061,23,6.67,0
5,74.73,7,62,395,24,8.92,0
6,92.1,11,65,1884,28,14.4,0
7,112.11,13,38,1675,14,5.77,0
8,58.4,11,39,1143,20,4.72,0
9,28.38,13,54,301,19,11.49,0
10,140.19,15,42,1917,23,12.4,0
11,82.35,12,19,537,24,7.49,0
12,27.48,11,33,979,33,2.06,0
13,122.45,19,32,2248,20,8.73,0
14,363.83,4,59,18,4,132.34,1
15,99.07,12,59,2382,22,27.55,0
16,239.35,13,27,208,33,25.77,0
17,28.5,11,30,1944,29,2.33,0
18,14.15,14,39,1217,15,0.18,0
19,98.72,18,21,1103,25,14.62,0
20,40.09,12,42,2135,23,4.96,0
21,77.34,17,53,1239,30,6.4,0
22,124.75,11,65,2107,27,43.27,0
23,15.27,14,25,2883,27,3.39,0
24,73.77,14,38,184,24,12.6,0
25,84.76,17,69,89,33,13.41,0
26,66.94,21,63,1203,23,1.57,0
27,90.34,13,20,945,26,12.35,0
28,440.49,22,55,15,5,206.38,1
29,38.56,20,22,2166,24,3.31,0
30,320.74,1,24,43,3,207.99,1
31,113.9,13,55,2188,31,4.77,0
32,69.05,10,49,2500,20,1.27,0
33,241.69,18,18,1481,20,0.89,0
34,64.97,13,68,2185,32,18.54,0
35,54.14,10,56,440,25,6.81,0
36,80.13,9,61,2239,31,10.13,0
37,52.57,9,29,2615,27,6.04,0
38,44.67,18,62,1383,23,8.41,0
39,165.85,15,64,764,33,2.5,0
40,81.08,15,50,224,28,9.91,0
41,7.09,15,32,2265,25,2.32,0
42,216.88,14,53,177,33,16.13,0
43,133.3,11,48,2131,21,16.27,0
44,510.53,22,53,3,4,264.02,1
45,29.92,13,22,2015,22,2.67,0
46,101.09,12,45,2932,17,5.37,0
47,67.93,9,65,923,22,12.22,0
48,175.68,7,33,369,23,9.14,0
49,206.29,12,66,2435,21,4.0,0
50,48.09,19,46,2628,26,9.07,0
51,53.18,15,41,1465,31,26.0,0
52,3.49,12,52,1170,23,1.09,0
53,63.48,23,37,2044,24,3.78,0
54,105.14,9,64,458,24,37.84,0
55,77.36,16,49,2719,28,14.04,0
56,84.84,14,29,1940,29,15.2,0
57,46.91,11,21,255,30,6.19,0
58,26.85,10,45,2733,22,2.47,0
59,33.03,9,41,2601,27,3.77,0
60,79.89,20,56,557,22,1.16,0
61,69.2,13,45,1698,17,11.98,0
62,71.81,12,55,999,28,8.1,0
63,86.55,13,68,303,19,2.6,0
64,52.84,14,37,817,15,10.53,0
65,81.05,17,52,1744,25,21.25,0
66,90.4,13,45,1481,24,7.86,0
67,17.58,13,57,2999,31,5.98,0
68,42.77,14,28,1711,31,10.56,0
69,57.22,18,20,867,18,1.87,0
70,20.67,7,69,2336,30,12.98,0
71,173.42,13,42,1855,20,6.57,0
72,39.77,14,44,1582,30,6.31,0
73,73.06,9,26,1392,19,3.35,0
74,19.28,20,30,656,30,5.27,0
75,17.39,15,39,829,21,8.96,0
76,26.17,16,55,112,22,2.73,0
77,58.12,21,21,2214,23,2.61,0
78,57.53,13,49,494,30,6.99,0
79,68.65,12,59,1440,36,15.39,0
80,69.18,19,65,1908,24,7.17,0
81,78.91,11,19,617,29,9.54,0
82,8.56,12,48,2104,16,15.02,0
83,15.04,17,27,2186,20,4.81,0
84,65.31,11,44,314,26,29.6,0
85,87.73,16,30,2270,17,5.44,0
86,161.55,17,60,1474,33,6.16,0
87,952.47,2,25,32,2,269.92,1
88,17.07,20,32,1663,17,7.12,0
89,39.74,13,64,1912,24,12.01,0
90,51.21,10,59,2208,23,15.23,0
91,54.35,14,62,1285,21,4.51,0
92,77.98,11,46,679,17,6.08,0
93,185.81,15,52,1595,27,12.27,0
94,251.13,15,65,598,26,19.96,0
95,18.49,11,60,931,23,4.7,0
96,145.37,16,30,651,19,11.14,0
97,2.42,10,31,2424,30,8.41,0
98,81.01,14,39,1420,26,7.8,0
99,89.78,16,37,647,21,2.98,0
100,56.44,7,68,2949,32,8.45,0
101,153.04,12,39,1536,25,8.86,0
102,177.61,17,35,2065,30,13.75,0
103,65.49,12,19,1665,23,28.89,0
104,63.84,10,27,2776,28,9.43,0
105,222.4,14,55,2966,21,13.76,0
106,63.41,12,22,2735,19,4.56,0
107,37.32,0,58,751,38,3.28,0
108,459.89,4,33,43,1,152.1,1
109,59.13,9,46,2872,28,4.69,0
110,121.11,16,63,2929,22,12.67,0
111,36.65,14,68,934,28,3.92,0
112,88.35,10,25,1694,18,4.06,0
113,216.44,3,23,40,2,500.43,1
114,89.51,16,32,250,29,6.45,0
115,13.34,17,65,2611,30,4.26,0
116,95.52,15,25,1803,26,25.73,0
117,159.36,12,45,1414,29,3.94,0
118,702.01,3,63,16,1,277.25,1
119,26.61,7,34,1214,16,5.51,0
120,38.4,14,48,2328,22,9.45,0
121,69.9,8,31,601,20,4.28,0
122,20.02,14,41,2942,30,3.86,0
123,75.8,10,38,1664,22,7.25,0
124,28.96,4,54,1515,28,10.08,0
125,46.02,12,56,1507,35,2.19,0
126,116.04,12,63,2099,16,21.12,0
127,38.37,12,31,509,25,12.01,0
128,104.13,11,34,535,33,3.44,0
129,65.26,15,60,652,22,7.98,0
130,180.84,8,21,1294,18,14.02,0
131,106.34,16,20,2597,22,13.31,0
132,66.49,12,46,1382,28,6.63,0
133,61.29,15,25,1390,24,10.26,0
134,623.43,0,38,37,2,284.83,1
135,41.77,14,19,1299,25,7.01,0
136,130.24,7,35,1124,21,1.21,0
137,30.65,5,41,192,25,9.15,0
138,67.32,14,33,952,38,2.02,0
139,75.91,9,23,2360,28,4.89,0
140,144.81,16,44,1217,22,9.87,0
141,64.83,15,67,119,24,9.12,0
142,105.86,11,51,1149,23,0.96,0
143,51.94,12,25,1049,31,36.66,0
144,34.74,10,49,2283,24,7.01,0
145,76.2,13,50,820,20,6.77,0
146,217.74,13,27,2775,20,13.68,0
147,58.4,14,62,2506,26,8.46,0
148,72.82,21,36,1409,32,5.34,0
149,113.63,15,19,2918,21,2.35,0
150,58.95,7,35,1902,23,12.74,0
151,23.26,10,41,1849,29,4.38,0
152,191.49,12,21,1671,20,12.18,0
153,390.71,1,30,17,3,255.13,1
154,17.22,17,62,377,31,0.49,0
155,298.08,23,22,26,4,71.26,1
156,172.78,17,57,1241,21,11.6,0
157,12.41,13,34,1988,26,28.42,0
158,33.18,13,38,2964,21,8.75,0
159,17.03,17,55,257,29,5.86,0
160,42.91,11,65,405,20,17.62,0
161,78.94,21,36,1449,21,23.09,0
162,65.88,7,61,678,34,5.44,0
163,21.24,11,61,1208,29,1.69,0
164,52.45,17,64,1725,26,1.73,0
165,96.86,18,59,2156,22,6.37,0
166,34.82,13,25,2506,21,9.3,0
167,55.07,7,49,1564,24,15.98,0
168,32.16,10,43,1067,26,9.99,0
169,97.94,10,59,2605,26,6.59,0
170,38.35,14,18,595,30,15.65,0
171,60.38,13,66,2829,22,4.32,0
172,56.22,22,61,785,22,5.64,0
173,25.25,11,36,2726,23,10.05,0
174,480.05,2,29,48,2,82.64,1
175,148.85,15,32,1209,18,5.84,0
176,140.64,13,23,2512,21,3.98,0
177,17.78,18,55,152,19,6.02,0
178,87.45,14,32,1808,25,1.65,0
179,49.54,14,33,2970,21,5.85,0
180,18.78,12,26,204,23,3.52,0
181,48.58,14,29,333,30,1.41,0
182,27.54,13,22,1171,30,6.72,0
183,69.77,12,45,1937,25,32.27,0
184,77.2,7,66,891,20,12.4,0
185,233.18,16,23,985,24,5.51,0
186,36.13,10,31,173,24,10.99,0
187,111.61,12,42,328,26,9.55,0
188,46.96,13,30,1260,18,11.69,0
189,542.32,3,31,2,3,191.67,1
190,102.69,19,40,1970,20,5.99,0
191,1115.2,4,33,4,3,167.93,1
192,89.19,13,33,374,23,5.86,0
193,38.82,9,45,2558,29,13.29,0
194,43.77,14,57,1527,24,8.68,0
195,89.64,16,60,1488,26,13.38,0
196,42.3,8,39,1533,32,16.83,0
197,119.32,8,34,2289,27,42.36,0
198,65.72,14,34,1741,22,10.36,0
199,94.46,18,67,2404,24,2.22,0
200,14.37,12,66,1840,21,11.88,0
201,137.51,10,37,1932,35,26.18,0
202,110.34,19,23,776,23,16.16,0
203,41.82,14,56,734,19,12.77,0
204,45.93,11,36,2682,27,9.96,0
205,201.52,19,22,1544,23,6.1,0
206,136.67,15,20,2700,29,12.98,0
207,48.68,21,67,41,36,1.56,0
208,38.65,19,47,1245,20,8.94,0
209,82.55,16,18,971,32,27.61,0
210,59.77,12,24,510,26,2.58,0
211,62.9,14,60,2242,21,4.15,0
212,7.24,20,35,956,22,7.5,0
213,169.42,10,51,1420,21,1.57,0
214,31.69,8,56,1492,22,14.36,0
215,31.8,9,38,2809,26,17.48,0
216,196.12,22,30,1528,28,25.72,0
217,166.74,17,27,1571,22,5.77,0
218,137.62,13,24,177,21,7.72,0
219,14.14,9,42,522,33,9.52,0
220,87.91,7,64,2968,27,1.89,0
221,100.69,12,52,1300,29,5.13,0
222,58.03,19,52,2871,26,17.84,0
223,838.53,5,67,27,4,62.15,1
224,86.86,15,57,1914,29,17.92,0
225,91.85,12,58,1885,25,12.29,0
226,55.29,19,20,813,22,6.72,0
227,172.47,21,21,1188,22,1.51,0
228,10.54,14,65,2288,29,10.02,0
229,73.2,15,69,817,21,13.01,0
230,20.0,9,36,1755,28,2.18,0
231,53.68,17,29,1529,16,5.62,0
232,403.98,23,48,57,3,259.32,1
233,75.64,11,28,1864,23,1.8,0
234,69.79,16,61,462,30,19.92,0
235,103.5,14,25,2089,23,4.65,0
236,48.69,7,50,604,19,5.9,0
237,45.26,13,25,703,24,2.28,0
238,438.0,5,54,59,2,241.82,1
239,66.04,9,55,497,31,13.68,0
240,5.27,11,49,1674,28,34.09,0
241,55.29,7,55,270,31,16.17,0
242,36.02,12,46,230,26,12.82,0
243,74.53,9,67,2467,25,5.38,0
244,126.98,9,64,2013,25,7.6,0
245,12.99,13,61,670,23,17.64,0
246,31.48,18,46,1863,18,15.34,0
247,27.9,11,40,302,27,14.56,0
248,41.49,19,30,74,30,13.6,0
249,118.12,20,28,2298,28,8.96,0
250,123.34,16,21,1408,22,7.65,0
251,33.85,9,38,859,23,9.58,0
252,424.88,1,50,43,2,188.23,1
253,25.9,9,18,1128,28,4.01,0
254,49.45,11,35,1668,28,8.52,0
255,102.22,12,48,629,22,9.66,0
256,47.58,14,29,881,22,6.66,0
257,105.86,13,25,1154,24,22.03,0
258,70.23,14,59,2963,29,1.57,0
259,28.51,18,52,1880,25,4.61,0
260,114.67,13,47,1583,35,8.9,0
261,61.69,14,31,1492,18,2.34,0
262,123.97,12,32,942,27,6.28,0
263,94.25,13,49,1062,27,14.89,0
264,26.22,19,57,2394,20,20.53,0
265,94.1,16,57,166,26,6.3,0
266,206.45,15,34,2602,19,10.08,0
267,38.65,18,32,175,23,12.77,0
268,64.99,13,45,1273,27,5.56,0
269,59.71,13,39,1719,30,13.6,0
270,42.36,2,20,1630,18,4.96,0
271,104.98,7,31,588,19,7.61,0
272,78.34,15,36,1212,29,19.67,0
273,57.66,22,36,2274,18,9.69,0
274,10.85,9,61,2371,22,9.0,0
275,103.24,10,68,2110,18,16.25,0
276,8.64,15,49,1911,19,0.28,0
277,90.34,12,28,1606,12,10.64,0
278,95.57,17,32,1953,18,6.87,0
279,183.01,22,28,2730,22,14.34,0
280,93.35,16,57,326,23,3.84,0
281,201.59,17,20,2200,25,6.98,0
282,93.09,11,65,1584,25,4.54,0
283,73.07,13,66,1738,20,13.84,0
284,57.31,18,41,1163,16,16.74,0
285,32.42,7,33,607,26,13.47,0
286,51.63,12,55,1221,24,23.52,0
287,43.6,18,62,2517,25,3.89,0
288,93.3,13,49,1222,28,10.87,0
289,95.43,17,59,2699,27,7.35,0
290,419.6,2,54,38,0,230.29,1
291,973.03,23,22,7,2,83.01,1
292,54.53,12,54,1278,34,5.37,0
293,43.35,10,56,2299,22,5.7,0
294,81.43,13,69,1569,33,4.48,0
295,69.59,17,54,1604,25,11.08,0
296,43.36,16,27,531,21,4.95,0
297,158.58,14,34,2947,27,2.77,0
298,39.81,14,44,827,15,16.8,0
299,98.79,14,47,1042,27,11.29,0
300,92.31,7,36,2695,23,19.78,0
301,54.97,14,54,201,28,5.41,0
302,110.3,13,45,2695,28,1.27,0
303,95.47,13,51,1336,23,2.49,0
304,80.78,14,32,950,20,1.47,0
305,44.51,12,53,57,23,13.82,0
306,349.13,5,31,37,3,153.8,1
307,15.75,14,26,305,26,12.87,0
308,38.53,3,44,294,27,1.73,0
309,60.75,14,24,1520,20,18.31,0
310,54.7,18,50,173,18,14.62,0
311,185.45,14,27,64,23,1.79,0
312,88.1,16,57,434,22,3.34,0
313,202.5,18,48,2274,25,15.55,0
314,7.62,16,54,1593,25,15.79,0
315,119.67,14,30,1902,24,29.58,0
316,137.18,15,47,420,30,5.72,0
317,19.09,6,34,2923,22,9.82,0
318,82.19,9,33,887,24,7.57,0
319,88.81,12,55,714,32,6.82,0
320,61.21,8,63,350,23,25.79,0
321,70.27,17,52,500,33,6.4,0
322,38.3,7,22,335,27,6.17,0
323,71.93,13,57,537,26,1.92,0
324,126.06,11,37,335,26,16.28,0
325,108.16,15,37,1657,29,4.23,0
326,214.73,9,49,1508,29,2.34,0
327,135.88,14,33,2265,23,19.63,0
328,38.87,15,49,406,16,5.55,0
329,99.85,20,59,1230,24,5.53,0
330,271.86,14,59,159,31,7.33,0
331,68.44,18,29,2009,15,11.03,0
332,69.14,13,48,1397,21,7.5,0
333,110.33,15,64,2387,20,3.58,0
334,86.21,11,66,2089,20,1.47,0
335,95.75,10,55,2131,25,12.81,0
336,101.13,11,26,1611,31,5.93,0
337,14.28,17,57,2992,23,7.59,0
338,105.67,10,66,451,25,5.2,0
339,152.22,19,34,646,24,15.25,0
340,63.33,11,56,1812,21,7.4,0
341,79.51,17,64,2369,25,16.35,0
342,14.26,10,48,147,24,16.41,0
343,40.63,15,37,1951,29,28.68,0
344,137.23,8,22,1392,14,7.04,0
345,55.01,15,27,2729,30,2.32,0
346,135.19,13,50,342,27,6.49,0
347,209.61,12,49,609,25,16.53,0
348,33.33,19,64,828,26,1.55,0
349,97.42,4,48,870,23,8.01,0
350,48.41,18,35,1197,24,18.58,0
351,56.76,12,47,1790,26,15.1,0
352,41.13,13,47,639,35,9.23,0
353,25.21,21,66,1861,34,1.89,0
354,291.92,15,27,2358,25,22.32,0
355,126.84,16,40,2267,24,18.86,0
356,34.19,17,21,1937,29,5.29,0
357,41.1,11,55,1994,25,6.63,0
358,9.63,11,34,1520,20,4.48,0
359,122.53,18,32,1165,14,12.55,0
360,60.92,13,40,916,25,11.07,0
361,131.38,18,30,1107,18,7.91,0
362,77.4,11,29,2804,18,2.13,0
363,45.15,11,55,2393,23,0.91,0
364,91.4,11,67,359,20,4.27,0
365,70.34,17,39,2570,27,7.05,0
366,45.6,16,54,2780,21,4.23,0
367,17.95,11,52,1642,26,16.08,0
368,30.24,7,19,2831,20,7.9,0
369,127.6,12,25,292,34,1.04,0
370,23.38,10,49,545,21,8.31,0
371,101.9,12,63,2958,22,1.09,0
372,79.48,7,39,1342,24,16.97,0
373,38.36,12,28,274,26,10.18,0
374,120.87,6,67,2771,20,1.78,0
375,45.24,18,18,512,22,5.09,0
376,97.93,15,23,1211,25,5.1,0
377,131.51,11,18,1999,38,2.1,0
378,113.52,16,52,2995,19,12.01,0
379,83.31,20,62,2948,23,3.7,0
380,112.27,9,20,374,27,6.61,0
381,104.28,8,29,65,22,5.59,0
382,96.29,18,28,370,25,4.9,0
383,111.11,7,53,1221,24,6.01,0
384,153.19,17,47,361,25,2.54,0
385,255.73,18,40,556,27,13.08,0
386,91.02,13,69,1520,30,11.28,0
387,208.91,9,28,2345,20,6.18,0
388,55.17,11,66,1191,23,6.13,0
389,369.49,2,53,33,2,111.33,1
390,13.24,14,34,2420,19,7.23,0
391,67.76,14,43,1427,25,6.38,0
392,164.09,12,32,1857,24,11.68,0
393,18.0,15,48,592,24,21.18,0
394,104.48,14,21,2666,30,6.68,0
395,91.83,16,41,1932,18,8.78,0
396,36.59,17,19,2058,20,11.18,0
397,103.11,14,38,2193,16,13.44,0
398,104.21,10,33,1612,24,14.25,0
399,128.71,7,23,709,20,5.89,0
400,963.12,2,44,29,1,100.48,1
401,112.53,16,40,856,23,8.74,0
402,138.21,15,69,456,35,7.73,0
403,61.68,7,19,1745,39,15.62,0
404,184.59,18,36,873,19,5.55,0
405,50.23,16,40,1843,25,5.49,0
406,59.36,8,26,2310,21,16.95,0
407,25.48,17,27,173,21,6.88,0
408,45.65,16,44,2762,26,12.28,0
409,43.97,10,24,955,24,21.65,0
410,102.06,13,46,2330,30,2.54,0
411,48.35,16,54,1765,30,10.4,0
412,50.83,15,42,1008,24,8.71,0
413,159.01,11,65,87,19,4.03,0
414,33.53,12,57,941,16,44.4,0
415,38.37,9,60,1968,25,19.77,0
416,90.73,15,18,2330,26,9.72,0
417,98.84,14,68,1814,23,7.82,0
418,33.79,11,27,1687,26,9.16,0
419,69.09,10,68,48,25,4.56,0
420,103.43,16,56,2294,27,4.85,0
421,65.97,18,27,2375,31,2.71,0
422,35.44,14,34,156,29,1.9,0
423,38.86,13,33,1597,27,13.87,0
424,37.29,16,29,1916,26,9.52,0
425,76.67,17,25,2577,28,3.18,0
426,12.52,20,31,1832,18,16.1,0
427,51.38,18,68,1939,26,5.93,0
428,47.22,17,65,1489,31,8.95,0
429,283.73,14,69,2060,34,3.09,0
430,55.89,14,25,2572,25,3.06,0
431,197.25,16,39,1298,25,26.31,0
432,27.51,11,34,240,21,17.26,0
433,72.48,18,21,1079,19,9.89,0
434,127.81,19,60,771,30,14.74,0
435,84.07,11,66,645,22,25.29,0
436,174.61,9,63,982,31,0.76,0
437,119.02,9,55,874,34,2.52,0
438,19.78,8,48,2743,31,19.53,0
439,70.19,15,18,1664,38,10.64,0
440,19.94,12,29,868,24,4.79,0
441,43.04,8,52,2202,33,17.45,0
442,100.82,18,67,249,32,9.75,0
443,248.38,22,31,16,2,106.12,1
444,67.47,14,44,2309,27,6.41,0
445,85.98,16,39,1736,29,13.34,0
446,77.42,17,41,1607,31,1.39,0
447,26.09,17,50,1421,28,7.36,0
448,32.37,18,60,1149,22,4.95,0
449,100.23,21,42,2029,23,1.41,0
450,14.01,9,62,2927,31,5.55,0
451,97.47,9,42,919,25,12.64,0
452,61.63,15,58,1061,29,16.64,0
453,95.27,12,52,1931,33,1.06,0
454,93.49,15,39,1224,26,0.59,0
455,165.26,17,67,193,24,4.69,0
456,39.36,9,69,449,28,9.24,0
457,116.67,13,28,682,24,16.44,0
458,53.2,16,28,177,31,7.8,0
459,53.72,14,55,2979,19,7.43,0
460,83.86,9,59,1687,26,16.33,0
461,168.51,23,48,253,18,18.29,0
462,110.75,15,27,2212,23,8.39,0
463,64.7,11,22,933,24,3.47,0
464,158.16,4,53,17,1,113.66,1
465,111.31,15,23,2436,42,6.2,0
466,62.76,9,38,307,22,25.81,0
467,94.21,13,60,609,19,4.46,0
468,34.01,13,30,820,26,5.49,0
469,46.17,8,41,1577,24,6.92,0
470,43.41,15,38,2040,27,15.6,0
471,89.48,7,21,2382,26,2.55,0
472,37.36,14,41,1603,36,22.11,0
473,50.04,11,38,246,22,13.73,0
474,115.74,12,55,961,23,9.51,0
475,104.97,17,37,1825,16,14.88,0
476,660.7,22,65,47,1,126.94,1
477,47.92,21,31,1779,34,4.52,0
478,160.43,8,62,2347,35,4.25,0
479,65.36,14,29,626,34,6.33,0
480,44.7,11,57,58,26,18.68,0
481,146.37,17,40,2411,23,17.04,0
482,82.97,16,66,2316,29,10.81,0
483,84.25,18,38,2339,36,13.01,0
484,49.71,20,29,1474,24,32.74,0
485,16.36,15,45,1594,29,12.14,0
486,38.59,14,63,1890,25,8.15,0
487,87.14,17,22,549,21,19.87,0
488,26.98,14,32,1728,20,18.55,0
489,21.0,10,34,2567,21,16.26,0
490,57.94,14,57,1331,24,12.05,0
491,87.49,18,49,2845,35,11.64,0
492,139.32,15,41,618,28,11.39,0
493,66.82,17,37,1356,20,3.91,0
494,129.82,5,52,1903,23,6.44,0
495,97.13,20,25,2859,27,5.72,0
496,65.59,17,29,473,20,10.91,0
497,62.9,13,35,273,26,10.76,0
498,42.5,4,69,2506,26,1.17,0
499,93.92,13,21,967,18,23.54,0
500,97.02,14,37,2562,17,17.19,0
501,164.84,7,18,524,25,20.0,0
502,41.72,20,32,807,20,2.14,0
503,49.12,17,20,1682,24,6.03,0
504,34.89,11,65,761,25,7.28,0
505,132.46,5,30,800,23,8.29,0
506,162.41,5,46,56,2,228.42,1
507,37.96,11,28,64,23,2.87,0
508,178.4,8,51,357,21,6.3,0
509,193.3,1,64,52,1,152.15,1
510,74.64,14,51,2692,24,7.78,0
511,6.75,16,49,994,25,3.18,0
512,106.2,11,45,799,24,5.05,0
513,144.89,9,57,1732,24,14.28,0
514,72.56,11,53,460,32,2.24,0
515,89.18,14,57,37,28,29.85,0
516,15.63,15,23,464,25,5.58,0
517,6.14,10,26,2690,22,0.4,0
518,72.91,10,57,327,24,0.69,0
519,491.42,23,32,14,4,149.54,1
520,18.91,8,21,1811,30,5.97,0
521,33.61,10,49,953,25,4.45,0
522,114.04,11,69,1845,15,5.51,0
523,182.33,22,37,1942,19,32.83,0
524,70.43,19,35,682,20,25.33,0
525,137.22,5,63,749,37,3.0,0
526,37.48,19,69,2455,14,0.84,0
527,106.06,14,55,1917,27,5.6,0
528,17.2,9,25,1911,23,26.67,0
529,243.11,19,69,1753,26,15.77,0
530,79.39,19,67,2659,29,17.77,0
531,3.49,9,52,2037,24,3.42,0
532,69.83,14,49,1713,24,6.1,0
533,135.28,17,42,2078,29,2.61,0
534,24.96,17,43,894,24,8.35,0
535,182.22,13,47,303,23,1.95,0
536,41.14,8,43,714,21,13.35,0
537,155.82,14,27,588,18,6.12,0
538,17.32,6,32,813,18,10.57,0
539,70.98,12,65,2313,26,8.4,0
540,88.29,13,47,451,32,9.35,0
541,32.71,18,30,450,25,11.53,0
542,61.03,23,63,1363,22,8.34,0
543,69.12,18,37,2069,28,5.77,0
544,170.21,14,29,537,34,26.29,0
545,15.05,10,65,2555,39,0.47,0
546,322.08,2,67,12,5,132.2,1
547,106.09,8,23,2676,24,25.2,0
548,21.32,14,61,1901,23,13.64,0
549,54.24,19,43,807,22,5.36,0
550,96.96,6,22,1660,24,21.32,0
551,31.8,13,37,519,34,8.58,0
552,53.15,14,47,486,27,4.22,0
553,68.95,17,47,1781,25,16.61,0
554,51.14,18,25,1434,23,6.81,0
555,45.38,9,65,2324,28,16.4,0
556,72.69,16,64,1159,27,19.26,0
557,19.66,16,21,1095,27,4.07,0
558,68.5,13,40,1853,22,6.27,0
559,71.26,11,23,2881,20,1.62,0
560,218.13,11,52,1096,22,11.18,0
561,59.36,21,43,1336,26,2.47,0
562,368.41,23,54,53,0,111.55,1
563,30.54,15,35,2950,31,8.14,0
564,68.13,10,31,114,24,1.64,0
565,42.86,18,54,2473,31,4.68,0
566,14.01,20,19,2653,22,10.18,0
567,55.73,20,46,2068,19,9.77,0
568,37.97,16,41,2149,27,2.08,0
569,44.92,9,30,1962,28,14.07,0
570,798.35,23,27,52,5,129.62,1
571,20.45,14,40,937,26,6.43,0
572,139.69,11,45,2492,26,4.42,0
573,76.67,14,24,2627,34,8.5,0
574,33.03,11,46,105,18,13.26,0
575,23.8,10,56,2704,21,13.77,0
576,91.32,11,52,413,21,5.66,0
577,76.77,12,44,2206,25,9.3,0
578,46.21,13,48,1313,21,19.87,0
579,51.93,19,46,749,23,17.15,0
580,64.76,4,20,1261,21,12.17,0
581,71.24,16,65,158,37,3.32,0
582,25.61,6,56,105,20,4.91,0
583,40.86,14,49,182,30,3.13,0
584,98.4,9,52,1707,24,5.95,0
585,121.7,17,45,2049,30,25.02,0
586,198.25,10,56,1128,24,1.72,0
587,122.63,11,55,300,21,5.81,0
588,51.4,9,65,2050,14,22.81,0
589,44.86,10,38,282,24,2.2,0
590,83.83,6,50,1649,25,5.15,0
591,239.75,12,63,469,36,0.37,0
592,195.43,16,59,1455,19,9.37,0
593,82.27,12,66,2683,26,10.03,0
594,52.24,11,22,842,39,8.29,0
595,55.64,15,26,1441,34,20.33,0
596,36.39,11,39,1234,30,13.86,0
597,70.74,15,48,814,25,6.12,0
598,166.35,17,66,204,22,24.33,0
599,27.17,10,25,1732,24,2.53,0
600,57.47,20,48,948,34,1.35,0
601,52.71,19,39,2381,23,21.12,0
602,96.87,17,68,1234,24,2.8,0
603,85.66,13,68,735,39,13.97,0
604,11.72,8,41,1453,27,11.88,0
605,19.03,18,52,843,28,7.79,0
606,934.4,0,65,45,1,55.02,1
607,146.14,11,54,1290,25,9.47,0
608,62.98,10,42,1200,18,13.95,0
609,14.26,16,40,1667,18,8.63,0
610,147.41,10,58,480,21,3.09,0
611,99.1,19,37,837,24,10.23,0
612,113.78,14,27,866,31,13.19,0
613,18.06,17,67,711,17,11.68,0
614,70.67,16,59,2487,26,7.75,0
615,129.28,10,34,2739,23,26.35,0
616,20.85,11,45,1028,28,6.79,0
617,691.98,5,35,6,3,202.58,1
618,77.03,13,62,2675,28,14.06,0
619,1122.65,5,22,38,1,260.68,1
620,184.5,17,65,749,23,13.25,0
621,62.73,18,51,1687,25,1.15,0
622,26.53,23,24,1439,32,2.6,0
623,129.17,15,23,2092,17,6.66,0
624,39.4,16,67,685,19,4.45,0
625,40.21,17,24,268,25,16.27,0
626,166.54,16,40,1911,31,3.51,0
627,55.95,12,63,659,33,13.99,0
628,258.57,22,21,2,3,253.97,1
629,132.78,2,22,32,5,87.55,1
630,87.57,15,55,611,26,3.85,0
631,473.33,5,21,11,4,104.74,1
632,88.43,6,52,1688,21,9.26,0
633,38.54,11,54,72,30,14.59,0
634,150.98,7,52,2669,22,8.32,0
635,177.27,13,39,550,31,1.62,0
636,218.06,14,37,309,20,2.24,0
637,60.87,17,41,620,24,1.36,0
638,1069.83,4,65,25,4,127.0,1
639,36.55,4,56,2069,25,5.99,0
640,563.72,22,58,32,4,143.91,1
641,58.84,17,36,809,31,15.43,0
642,213.02,13,64,1922,20,10.69,0
643,51.94,13,23,1116,27,8.46,0
644,737.33,2,65,27,3,159.21,1
645,143.4,18,49,1501,28,8.47,0
646,169.14,9,61,759,27,10.32,0
647,605.95,3,58,18,3,139.53,1
648,109.48,10,40,508,31,5.51,0
649,34.29,18,18,728,21,8.08,0
650,155.43,14,62,2619,27,13.31,0
651,130.76,19,53,2440,29,18.64,0
652,62.49,8,35,1221,30,9.26,0
653,13.57,17,20,817,22,38.29,0
654,300.81,19,48,1583,19,9.28,0
655,509.61,22,46,22,1,56.73,1
656,149.52,11,52,74,21,12.74,0
657,160.46,9,33,2493,28,1.17,0
658,517.29,3,53,27,3,100.19,1
659,27.74,19,29,847,13,8.16,0
660,123.46,14,45,2742,37,1.05,0
661,135.46,16,58,350,16,10.68,0
662,96.48,16,57,1937,35,4.48,0
663,1266.1,23,50,29,3,287.08,1
664,75.31,14,43,1519,23,2.97,0
665,94.81,15,60,647,22,8.26,0
666,30.2,15,54,2994,25,7.23,0
667,154.09,7,56,2827,27,13.99,0
668,34.83,15,22,2715,20,6.02,0
669,94.17,22,18,567,29,5.69,0
670,27.83,16,53,2444,26,3.11,0
671,56.24,16,42,342,36,5.67,0
672,41.21,9,51,954,21,4.75,0
673,40.02,9,49,1590,20,22.96,0
674,126.22,18,54,396,20,11.81,0
675,20.81,14,40,413,32,3.11,0
676,85.13,6,30,1835,23,17.16,0
677,247.27,15,42,1401,23,9.01,0
678,136.83,20,58,410,18,8.23,0
679,1304.27,3,25,17,2,238.21,1
680,58.74,13,47,2582,29,1.34,0
681,192.49,7,39,1302,24,11.72,0
682,305.24,18,22,2833,26,2.97,0
683,114.06,16,34,1485,31,6.54,0
684,79.96,14,62,216,18,6.58,0
685,53.37,15,43,2078,25,5.52,0
686,32.04,13,39,46,21,4.24,0
687,24.97,11,63,1494,17,7.84,0
688,165.93,18,40,140,26,5.07,0
689,191.09,15,67,509,26,3.26,0
690,113.48,14,63,2808,26,18.11,0
691,70.05,15,22,1642,25,1.24,0
692,41.31,14,33,253,17,8.66,0
693,79.77,16,19,2343,19,2.92,0
694,81.45,13,62,2291,21,1.86,0
695,26.77,8,40,1811,25,18.47,0
696,129.15,12,20,739,28,14.14,0
697,19.67,17,51,2086,19,12.77,0
698,32.3,7,63,355,38,14.21,0
699,75.89,3,66,1491,20,2.7,0
700,126.19,17,58,2684,28,0.45,0
701,28.03,15,67,1994,29,9.91,0
702,141.6,15,63,1583,23,22.43,0
703,35.47,9,26,2385,25,1.05,0
704,110.39,12,30,2441,22,6.31,0
705,20.61,11,30,578,29,25.22,0
706,41.32,15,50,1466,31,16.33,0
707,45.03,18,61,1463,18,1.63,0
708,122.11,18,38,2081,21,8.81,0
709,77.08,15,33,1396,14,24.98,0
710,75.75,17,38,1545,23,5.01,0
711,118.44,11,32,1699,21,3.74,0
712,133.59,18,57,1023,22,7.58,0
713,90.38,10,24,2954,15,14.38,0
714,77.34,16,36,959,18,16.47,0
715,47.2,7,34,2106,29,19.81,0
716,84.85,13,47,583,34,1.47,0
717,23.35,12,51,1242,36,5.14,0
718,57.16,12,59,220,29,4.36,0
719,49.65,14,43,1189,14,9.84,0
720,33.54,16,35,936,37,7.01,0
721,973.02,3,23,53,1,305.8,1
722,41.59,13,25,365,31,4.24,0
723,23.95,18,64,1386,25,13.98,0
724,60.28,18,53,2845,12,3.49,0
725,100.17,10,19,965,17,3.27,0
726,84.97,17,22,1942,23,20.04,0
727,69.72,18,63,1906,29,12.07,0
728,118.12,10,20,1045,25,23.5,0
729,16.36,15,37,617,22,3.99,0
730,64.88,10,54,976,19,2.66,0
731,204.6,15,28,2806,22,10.52,0
732,57.61,17,37,2054,20,31.49,0
733,160.48,13,39,2260,27,3.05,0
734,42.25,17,30,2723,23,6.5,0
735,52.7,16,47,238,27,15.39,0
736,46.53,5,67,2125,28,6.59,0
737,93.77,12,59,1127,22,1.79,0
738,129.06,17,29,1887,25,10.31,0
739,95.68,21,63,163,28,1.64,0
740,43.15,8,42,630,21,3.26,0
741,37.44,9,41,2211,26,24.72,0
742,58.81,14,60,2610,20,8.53,0
743,34.76,17,63,1797,15,18.71,0
744,16.56,14,42,1635,31,11.78,0
745,34.37,13,44,1131,24,3.81,0
746,148.67,14,42,1194,25,11.28,0
747,139.44,15,31,623,29,6.55,0
748,50.73,20,43,948,26,25.72,0
749,55.88,14,62,2779,18,10.45,0
750,135.25,17,58,354,19,5.21,0
751,63.04,14,47,1544,21,6.07,0
752,56.69,12,36,96,23,6.52,0
753,55.72,12,35,1188,31,1.43,0
754,17.2,8,49,1996,21,1.96,0
755,398.18,3,61,5,2,77.51,1
756,118.65,16,38,2460,27,8.32,0
757,228.3,18,61,1764,26,26.07,0
758,67.77,14,26,752,17,16.68,0
759,41.64,11,42,536,29,17.57,0
760,85.47,11,60,2619,26,15.68,0
761,55.78,23,19,1660,27,1.71,0
762,105.04,7,25,2634,36,21.75,0
763,163.87,23,32,1181,24,19.04,0
764,40.15,5,49,2849,32,17.08,0
765,114.98,4,61,586,21,2.46,0
766,24.37,19,62,879,29,9.51,0
767,214.98,9,30,456,26,8.52,0
768,538.78,2,38,7,0,190.28,1
769,42.04,8,40,2070,30,6.91,0
770,60.93,15,48,2391,32,14.49,0
771,49.53,14,34,2326,16,22.82,0
772,72.26,12,22,2890,36,3.02,0
773,56.72,13,39,2016,28,4.48,0
774,148.89,17,65,1109,18,6.46,0
775,72.74,14,30,2084,30,2.25,0
776,104.02,17,40,1204,23,7.02,0
777,195.71,13,18,721,20,4.18,0
778,187.42,12,30,1073,26,1.15,0
779,62.17,11,69,2738,28,16.55,0
780,69.64,17,52,1405,27,4.94,0
781,62.58,15,42,1765,25,13.29,0
782,141.83,15,38,1547,18,17.92,0
783,16.89,11,53,876,24,12.86,0
784,307.41,12,55,971,19,20.18,0
785,153.94,13,33,1496,35,5.81,0
786,85.92,10,68,900,28,2.56,0
787,947.45,3,53,1,2,285.97,1
788,76.46,15,25,1965,33,18.18,0
789,47.24,16,69,2555,30,30.17,0
790,29.48,15,36,2002,28,7.49,0
791,108.44,14,50,284,28,6.79,0
792,63.74,13,32,1480,21,7.45,0
793,278.45,4,20,47,0,186.59,1
794,148.7,9,28,2293,31,22.65,0
795,190.68,17,40,2825,33,2.56,0
796,50.21,8,65,2190,26,6.5,0
797,60.58,13,32,2698,26,8.68,0
798,32.04,18,45,2421,17,14.7,0
799,85.13,9,23,1372,23,6.26,0
800,134.76,22,63,2677,34,7.94,0
801,8.95,8,63,1151,26,14.2,0
802,957.69,22,53,24,1,100.93,1
803,124.4,11,26,983,26,12.75,0
804,51.35,18,31,1408,18,12.8,0
805,21.17,9,47,1921,22,3.23,0
806,156.81,14,47,2716,27,6.11,0
807,192.19,14,64,2803,27,10.09,0
808,16.73,6,18,1161,19,9.1,0
809,76.77,7,28,2023,17,20.52,0
810,127.25,15,54,1819,25,4.72,0
811,36.94,14,55,1540,22,6.4,0
812,82.26,19,31,2259,26,10.11,0
813,187.56,11,35,497,34,13.35,0
814,32.97,11,29,228,31,12.94,0
815,215.56,3,49,2231,24,21.74,0
816,102.18,15,61,1809,27,17.78,0
817,603.11,4,43,22,2,91.09,1
818,84.7,20,23,114,28,13.85,0
819,36.16,23,49,2518,27,5.65,0
820,66.48,19,59,1479,32,11.77,0
821,96.92,11,34,1473,29,6.94,0
822,39.89,12,66,93,25,0.84,0
823,126.72,7,55,1684,27,4.6,0
824,250.12,11,30,403,16,9.76,0
825,154.81,20,65,2590,32,13.45,0
826,73.5,12,34,920,27,2.94,0
827,64.84,19,20,102,29,13.41,0
828,121.49,12,43,1917,24,3.6,0
829,43.08,22,49,1923,27,13.82,0
830,34.73,16,23,1556,29,12.6,0
831,146.24,11,66,75,34,3.62,0
832,89.02,9,24,1400,26,4.19,0
833,32.71,10,21,410,17,15.98,0
834,95.83,20,64,1724,26,7.96,0
835,185.99,18,20,1808,19,5.11,0
836,101.28,5,32,274,16,16.12,0
837,191.59,19,38,1899,23,4.06,0
838,77.22,10,28,2401,20,14.9,0
839,64.27,13,48,1046,26,11.69,0
840,65.38,16,25,2142,27,32.92,0
841,93.14,23,43,1801,24,7.47,0
842,18.84,15,43,2617,15,2.77,0
843,36.59,20,47,1200,25,14.63,0
844,27.94,13,32,1341,16,20.24,0
845,25.96,5,33,1802,20,5.53,0
846,96.49,7,34,473,21,2.44,0
847,168.18,11,21,208,28,12.57,0
848,6.59,13,37,289,30,1.29,0
849,78.9,17,60,1857,24,11.16,0
850,52.39,16,42,2873,20,5.46,0
851,37.46,4,45,921,23,9.07,0
852,251.64,20,52,2015,21,4.73,0
853,10.81,18,51,1031,28,4.51,0
854,45.18,12,60,2089,24,4.08,0
855,9.26,11,37,2271,27,8.17,0
856,52.3,15,37,2149,28,4.22,0
857,123.53,17,39,2344,24,14.35,0
858,148.0,9,48,1781,20,3.78,0
859,42.02,12,62,2605,28,13.04,0
860,30.62,6,61,2189,25,13.02,0
861,77.43,14,47,771,18,19.75,0
862,31.35,11,35,505,19,10.37,0
863,77.3,14,34,776,22,12.5,0
864,27.71,16,55,1119,39,2.59,0
865,23.71,12,31,1974,30,24.98,0
866,12.29,7,37,2425,22,5.54,0
867,33.36,16,59,1119,17,1.26,0
868,108.28,5,28,45,23,15.13,0
869,58.68,14,44,490,28,5.61,0
870,173.41,14,40,2148,27,4.62,0
871,92.94,15,60,2256,20,6.33,0
872,96.96,13,38,317,38,8.53,0
873,258.24,2,62,54,2,101.56,1
874,252.39,12,58,2684,33,3.29,0
875,16.97,4,56,2364,30,34.93,0
876,229.43,4,55,8,5,173.12,1
877,80.87,11,29,93,22,8.38,0
878,95.37,20,48,520,27,1.48,0
879,42.32,16,44,520,28,12.82,0
880,115.2,11,18,2788,31,28.32,0
881,118.04,15,52,405,30,4.83,0
882,209.05,14,25,450,23,8.25,0
883,59.49,15,20,1422,31,15.26,0
884,60.17,8,30,2380,26,7.27,0
885,41.11,22,31,2417,21,2.44,0
886,67.94,9,62,1439,26,27.11,0
887,148.55,14,49,2911,20,12.34,0
888,125.99,14,57,2477,25,4.41,0
889,53.62,11,23,1019,30,12.46,0
890,266.11,17,43,272,23,6.32,0
891,21.68,14,66,1908,27,5.66,0
892,74.26,13,62,323,25,8.26,0
893,33.76,13,34,2605,29,7.3,0
894,44.54,10,28,2368,33,25.45,0
895,40.91,19,69,468,26,9.66,0
896,53.7,13,51,224,19,11.75,0
897,9.7,14,30,448,24,13.98,0
898,30.32,9,34,1801,19,13.41,0
899,108.42,15,30,410,20,11.36,0
900,401.19,23,44,5,3,173.04,1
901,19.62,10,41,1791,17,6.82,0
902,74.21,17,23,1122,26,0.22,0
903,36.67,13,57,1609,31,7.09,0
904,79.38,13,39,1477,26,7.45,0
905,16.61,17,57,2487,20,2.6,0
906,46.18,15,53,910,19,6.63,0
907,296.05,20,34,2917,29,6.17,0
908,20.68,18,69,1322,27,7.43,0
909,26.8,18,42,1913,35,6.11,0
910,64.89,14,26,949,21,8.3,0
911,311.48,12,62,1552,21,16.7,0
912,46.3,12,64,325,39,15.11,0
913,85.88,10,27,2007,26,2.67,0
914,55.89,12,65,1620,27,1.38,0
915,156.25,12,25,296,28,15.5,0
916,59.78,17,64,1384,21,0.97,0
917,120.18,18,29,2544,28,9.16,0
918,459.51,0,33,50,3,269.86,1
919,28.16,14,45,412,25,26.48,0
920,29.57,14,69,2111,32,7.29,0
921,56.24,6,57,551,22,27.05,0
922,135.34,18,18,170,24,18.99,0
923,37.74,17,52,2178,22,13.74,0
924,141.87,20,38,286,20,11.5,0
925,35.77,13,67,2411,28,19.68,0
926,64.64,10,35,1549,18,3.26,0
927,26.87,21,43,2516,30,2.64,0
928,83.21,15,31,1968,20,2.59,0
929,31.71,14,38,200,22,4.02,0
930,125.09,19,26,1540,33,1.14,0
931,22.96,12,35,2580,25,4.24,0
932,27.82,6,61,2129,21,2.45,0
933,136.08,13,36,2706,26,10.81,0
934,14.68,7,59,2283,23,17.65,0
935,55.67,12,30,1417,28,8.6,0
936,172.25,17,51,2688,19,8.06,0
937,13.9,14,44,2199,20,7.46,0
938,34.03,18,55,405,21,6.13,0
939,42.85,21,46,585,19,1.44,0
940,186.69,11,64,224,34,5.44,0
941,14.84,18,60,1063,26,24.95,0
942,672.61,22,53,27,4,69.03,1
943,189.54,9,66,1494,30,6.68,0
944,153.23,16,48,1972,21,2.49,0
945,42.83,9,26,1899,30,6.65,0
946,548.18,2,50,51,2,126.98,1
947,42.84,18,34,722,24,2.21,0
948,39.88,11,47,2098,27,9.91,0
949,183.13,15,46,2925,30,16.83,0
950,68.06,17,57,1816,24,3.69,0
951,55.64,13,22,220,25,10.82,0
952,64.23,16,18,2211,27,11.44,0
953,36.91,20,61,1362,28,8.04,0
954,243.6,13,19,1299,27,2.57,0
955,184.18,12,61,1551,28,5.24,0
956,100.58,14,51,1903,24,4.57,0
957,34.36,11,69,320,21,22.82,0
958,73.18,8,57,1167,23,15.95,0
959,96.44,13,57,471,24,23.11,0
960,83.16,10,28,2874,23,29.33,0
961,27.1,7,50,2266,26,7.39,0
962,91.14,15,57,1503,25,6.95,0
963,26.53,14,57,1190,22,8.84,0
964,7.84,8,39,520,26,18.59,0
965,111.01,15,37,692,23,1.57,0
966,21.41,18,32,1953,24,23.27,0
967,41.09,10,59,1783,27,7.64,0
968,51.94,8,38,702,27,3.33,0
969,172.23,16,32,2608,25,7.98,0
970,165.09,18,56,401,24,13.75,0
971,604.72,5,34,42,2,138.15,1
972,116.47,18,66,214,16,11.03,0
973,6.69,8,39,2129,18,13.2,0
974,7.95,8,21,1088,25,13.85,0
975,11.61,13,67,2600,29,23.26,0
976,182.76,11,25,2337,27,1.72,0
977,43.65,11,26,1139,30,8.69,0
978,149.51,16,36,2186,24,24.74,0
979,105.38,14,40,637,25,9.26,0
980,51.26,11,20,352,27,11.87,0
981,106.28,20,67,216,33,9.27,0
982,12.68,11,67,933,31,1.71,0
983,114.57,13,21,1148,27,6.86,0
984,116.13,12,60,417,22,12.68,0
985,63.9,14,42,2687,24,14.97,0
986,76.66,10,52,721,27,8.12,0
987,46.65,12,47,849,28,13.41,0
988,67.62,18,56,2786,24,4.62,0
989,78.92,5,24,2067,17,3.04,0
990,71.01,6,26,673,24,15.41,0
991,74.92,13,28,2518,22,7.41,0
992,70.71,17,37,2092,27,9.84,0
993,118.8,14,32,1386,25,9.3,0
994,191.07,10,48,2153,26,5.65,0
995,83.48,15,62,860,15,16.07,0
996,67.34,11,36,1889,23,1.51,0
997,78.34,18,28,710,20,19.17,0
998,219.02,10,27,172,35,10.62,0
999,73.17,16,64,2156,33,5.77,0
1000,54.78,5,33,1908,23,1.05,0
